{
    "name": "Ashling",
    "size": "Small",
    "type": "elemental",
    "alignment": "neutral evil",
  
    "ac": "12",
    "hp": "11 (2d6 + 4)",
    "speed": "20 ft., fly 20 ft.",
  
    "abilities": {
      "STR": "6 (-2)",
      "DEX": "14 (+2)",
      "CON": "14 (+2)",
      "INT": "5 (-3)",
      "WIS": "10 (+0)",
      "CHA": "8 (-1)"
    },
  
    "saving_throws": "Dex +4, Con +4",
    "skills": "Stealth +4",
    "damage_immunities": "fire",
    "damage_vulnerabilities": "cold",
    "condition_immunities": "poisoned",
    "senses": "darkvision 30 ft., passive Perception 10",
    "languages": "Ignan",
    "challenge": "1/4 (50 XP)",
  
    "traits": [
      {
        "name": "Smoldering Form",
        "text": "A creature that touches the ashling or hits it with a melee attack while within 5 feet takes 2 (1d4) fire damage."
      },
      {
        "name": "Flickering Body",
        "text": "The ashling can move through a space as narrow as 1 inch wide without squeezing. It leaves behind a faint trail of ash and sparks."
      }
    ],
  
    "actions": [
      {
        "name": "Ember Burst",
        "text": "Ranged Spell Attack: +4 to hit, range 30 ft., one target. Hit: 5 (1d6 + 2) fire damage."
      },
      {
        "name": "Ignite (Recharge 5–6)",
        "text": "The ashling targets a flammable object it can see within 10 feet that isn’t being worn or carried. The object ignites if it isn’t already burning."
      }
    ],
  
    "reactions": [
      {
        "name": "Flare",
        "text": "When the ashling is reduced to 0 hit points, it explodes in a burst of sparks. Each creature within 5 feet must succeed on a DC 11 Dexterity saving throw or take 4 (1d8) fire damage."
      }
    ],
  
    "lore_title": "Cinders of Hate",
    "lore": "Ashlings are small fire spirits born from burned forests, lingering like sparks of vengeance. Their bodies are unstable, always on the verge of collapse into embers. Though weak individually, in swarms they can ignite entire villages and leave nothing but ash in their wake."
  }  