{
    "name": "Duskfeather Harbinger",
    "size": "Medium",
    "type": "fey",
    "alignment": "chaotic evil",
  
    "ac": "15 (natural armor)",
    "hp": "93 (11d8 + 44)",
    "speed": "30 ft., fly 60 ft.",
  
    "abilities": {
      "STR": "12 (+1)",
      "DEX": "18 (+4)",
      "CON": "18 (+4)",
      "INT": "10 (+0)",
      "WIS": "14 (+2)",
      "CHA": "16 (+3)"
    },
  
    "saving_throws": "Dex +7, Wis +5, Cha +6",
    "skills": "Perception +5, Stealth +7, Intimidation +6",
    "senses": "darkvision 120 ft., passive Perception 15",
    "languages": "Sylvan, Common",
    "challenge": "6 (2,300 XP)",
  
    "traits": [
      {
        "name": "Omen of Death",
        "text": "When the harbinger appears, nearby creatures feel a supernatural dread. At the start of combat, creatures of its choice within 30 feet must succeed on a DC 15 Wisdom saving throw or become frightened until the start of their next turn."
      },
      {
        "name": "Shadow Glide",
        "text": "While in dim light or darkness, the harbinger can take the Hide action as a bonus action."
      }
    ],
  
    "actions": [
      {
        "name": "Multiattack",
        "text": "The harbinger makes two attacks: one with its Talons and one with its Shadow Beak."
      },
      {
        "name": "Razor Talons",
        "text": "Melee Weapon Attack: +7 to hit, reach 5 ft., one target. Hit: 13 (2d8 + 4) slashing damage."
      },
      {
        "name": "Shadow Beak",
        "text": "Melee Weapon Attack: +7 to hit, reach 5 ft., one target. Hit: 10 (2d6 + 4) necrotic damage."
      },
      {
        "name": "Screech of Doom (Recharge 5-6)",
        "text": "The harbinger emits a shriek in a 30-foot radius. Each creature of its choice must make a DC 15 Wisdom saving throw or be frightened for 1 minute. A frightened creature can repeat the saving throw at the end of each of its turns, ending the effect on a success."
      }
    ],
  
    "reactions": [
      {
        "name": "Shadow Step (1/Turn)",
        "text": "When targeted by an attack in dim light or darkness, the harbinger can teleport up to 15 feet to an unoccupied space it can see, imposing disadvantage on the triggering attack."
      }
    ],
  
    "legendary_actions": [
      {
        "name": "Dreadful Flap",
        "text": "The harbinger beats its wings, forcing creatures of its choice within 10 feet to succeed on a DC 14 Strength saving throw or be pushed 10 feet away."
      },
      {
        "name": "Gaze of Night",
        "text": "The harbinger targets one creature it can see within 30 feet. That creature must succeed on a DC 15 Wisdom saving throw or be frightened until the end of its next turn."
      }
    ],
  
    "lair_actions": [
      {
        "name": "Haunting Whispers",
        "text": "On initiative count 20 (losing ties), spectral whispers echo in the lair. Each enemy within 20 feet of the harbinger must succeed on a DC 14 Wisdom saving throw or take 7 (2d6) psychic damage."
      },
      {
        "name": "Shadows Deepen",
        "text": "The area within 30 feet of the harbinger becomes magical darkness until initiative count 20 on the next round."
      }
    ],
  
    "lore_title": "Messenger of Doom",
    "lore": "Legends claim the Duskfeather Harbinger arrives before great tragedies. Cloaked in feathers darker than night, its chilling cry is said to mark the hour of death for kings and commoners alike. Some treat its appearance as a cursed omen, while others whisper that it chooses the moment of disaster itself.",
    
    "attribution": "Homebrew creature design © You. Inspired by D&D 5e monster format."
  }  