{
  "name": "Heart-Piercer Manticore",
  "size": "Large",
  "type": "monstrosity",
  "alignment": "chaotic evil",
  "ac": "17 (natural armor)",
  "hp": "136 (16d10 + 48)",
  "speed": "50 ft., climb 40 ft.",
  "abilities": {
    "STR": "20 (+5)",
    "DEX": "16 (+3)",
    "CON": "16 (+3)",
    "INT": "5 (−3)",
    "WIS": "12 (+1)",
    "CHA": "6 (−2)"
  },
  "saving_throws": "Dex +7, Con +7",
  "skills": "Athletics +9, Perception +5, Stealth +7, Survival +5",
  "senses": "darkvision 60 ft., passive Perception 15",
  "languages": "—",
  "challenge": "11 (7,200 XP)",
  "traits": [
    {
      "name": "Keen Smell",
      "text": "The manticore has advantage on Wisdom (Perception) checks that rely on smell."
    },
    {
      "name": "Pounce",
      "text": "If the manticore moves at least 10 ft. straight toward a target and then hits it with a claw attack on the same turn, the target takes an extra 7 (2d6) slashing damage. If the target is a creature, it must succeed on a DC 17 Strength saving throw or be knocked prone. If the target is prone, the manticore can make another bite attack against it as a bonus action."
    }
  ],
  "actions": [
    {
      "name": "Multiattack",
      "text": "The manticore makes three attacks."
    },
    {
      "name": "Bite",
      "text": "Melee Weapon Attack: +9 to hit, reach 5 ft., one target. Hit: 12 (2d6 + 5) piercing damage."
    },
    {
      "name": "Claw",
      "text": "Melee Weapon Attack: +9 to hit, reach 5 ft., one target. Hit: 14 (2d8 + 5) slashing damage."
    },
    {
      "name": "Stinger",
      "text": "Melee Weapon Attack: +9 to hit, reach 10 ft., one target. Hit: 14 (2d8 + 5) piercing damage. The target must make a DC 16 Constitution saving throw, taking 28 (8d6) poison damage on a failed save, or half as much on a successful one."
    }
  ],
  "reactions": [],
  "legendary_actions": [],
  "lair_actions": [],
  "lore_title": "Heart-Piercer Manticore",
  "lore": "Manticores are catlike creatures with scorpion tails and chitinous plates on their legs and feet. Their tail venom is among the most virulent in Amonkhet, and their speed makes them feared hunters. Some revel in arena glory, where their kills entertain crowds.",
  "attribution": "Art © respective owner. Sheet generator by you."
}
