{
    "name": "Mindmelter",
    "size": "Large",
    "type": "aberration",
    "alignment": "chaotic evil",
  
    "ac": "15 (chitinous armor)",
    "hp": "60 (10d8 + 15)",
    "speed": "30 ft., climb 20 ft.",
  
    "abilities": {
      "STR": "16 (+3)",
      "DEX": "14 (+2)",
      "CON": "16 (+3)",
      "INT": "18 (+4)",
      "WIS": "15 (+2)",
      "CHA": "14 (+2)"
    },
  
    "saving_throws": "Int +6, Wis +4, Cha +4",
    "skills": "Arcana +6, Insight +4, Perception +5, Stealth +4",
    "senses": "darkvision 60 ft., passive Perception 15",
    "languages": "Deep Speech, telepathy 120 ft.",
    "challenge": "6 (2,300 XP)",
  
    "traits": [
      {
        "name": "Psychic Resilience",
        "text": "The Mindmelter has advantage on saving throws against being charmed, frightened, or stunned."
      },
      {
        "name": "Mind Slave",
        "text": "Creatures charmed or dominated by the Mindmelter obey its commands blindly until freed by a remove curse, greater restoration, or similar effect."
      }
    ],
  
    "actions": [
      {
        "name": "Multiattack",
        "text": "The Mindmelter makes two claw attacks or one claw attack and uses Mental Rift."
      },
      {
        "name": "Claw",
        "text": "Melee Weapon Attack: +6 to hit, reach 5 ft., one target. Hit: 12 (2d6 + 3) slashing damage."
      },
      {
        "name": "Mental Rift (Recharge 5–6)",
        "text": "The Mindmelter releases a psychic blast. Each creature of its choice within 20 ft. must make a DC 14 Intelligence saving throw, taking 21 (6d6) psychic damage on a failed save, or half as much on a successful one."
      },
      {
        "name": "Will Domination (1/day)",
        "text": "The Mindmelter targets one creature it can see within 60 ft. The target must succeed on a DC 15 Wisdom saving throw or be magically compelled to use its reaction to make a weapon attack against an ally of the Mindmelter’s choice."
      }
    ],
  
    "reactions": [
      {
        "name": "Psychic Backlash",
        "text": "When a creature within 10 ft. of the Mindmelter damages it with a melee attack, that creature takes 1d6 psychic damage."
      }
    ],
  
    "legendary_actions": [
      {
        "name": "Probe Mind",
        "text": "The Mindmelter targets a creature it can see within 30 ft. That creature must succeed on a DC 14 Wisdom saving throw or take 7 (2d6) psychic damage and have disadvantage on its next saving throw."
      }
    ],
  
    "lair_actions": [
      {
        "name": "Psychic Echo",
        "text": "On initiative count 20 (losing ties), the Mindmelter can unleash a wave of psychic energy. All creatures of its choice within 30 ft. must succeed on a DC 13 Wisdom saving throw or be frightened until the end of their next turn."
      }
    ],
  
    "lore_title": "The Mindmelter",
    "lore": "The Mindmelter is a nightmarish insectoid aberration with a translucent dome-like skull that reveals its pulsing, grotesque brain. Known for lurking in ancient ruins and forgotten caverns, it enslaves weaker beings through psychic domination, bending them into loyal thralls. Feared by adventurers and scholars alike, the Mindmelter is a symbol of insidious control, weaving entire cults and colonies around its will while feeding on the fear and thoughts of its victims.",
  
    "attribution": "Art © respective owner. Stat block generated by you."
  }  