{
  "name": "Stormleech Leviathan",
  "size": "Huge",
  "type": "aberration",
  "alignment": "chaotic evil",

  "ac": "17 (natural armor)",
  "hp": "207 (18d12 + 90)",
  "speed": "40 ft., swim 60 ft.",

  "abilities": {
    "STR": "22 (+6)",
    "DEX": "12 (+1)",
    "CON": "20 (+5)",
    "INT": "6 (-2)",
    "WIS": "14 (+2)",
    "CHA": "10 (+0)"
  },

  "saving_throws": "Con +9, Wis +6",
  "skills": "Perception +6, Stealth +5",
  "damage_resistances": "Lightning; Bludgeoning from nonmagical attacks",
  "condition_immunities": "Grappled, Prone",
  "senses": "Darkvision 120 ft., passive Perception 16",
  "languages": "—",
  "challenge": "11 (7,200 XP)",

  "traits": [
    {
      "name": "Amphibious",
      "text": "The leviathan can breathe both air and water."
    },
    {
      "name": "Lightning Drain",
      "text": "When the leviathan hits with its Bite, it deals an extra 3d8 lightning damage and regains hit points equal to half the total lightning damage dealt."
    },
    {
      "name": "Electrostatic Field",
      "text": "Any ranged weapon attack made against the leviathan while within 10 ft. is made with disadvantage, as the air crackles with unstable energy."
    },
    {
      "name": "Storm Surge (Recharge 5–6)",
      "text": "At the start of its turn, the leviathan can unleash a burst of storm energy. Each creature within 20 ft. must succeed on a DC 16 Constitution saving throw or take 3d6 lightning damage and be pushed 10 ft. away."
    }
  ],

  "actions": [
    {
      "name": "Multiattack",
      "text": "The leviathan makes two attacks: one with its Bite and one with its Slam."
    },
    {
      "name": "Bite",
      "text": "Melee Weapon Attack: +10 to hit, reach 10 ft., one target. Hit: 22 (3d10 + 6) piercing damage plus 13 (3d8) lightning damage."
    },
    {
      "name": "Slam",
      "text": "Melee Weapon Attack: +10 to hit, reach 15 ft., one target. Hit: 18 (2d10 + 6) bludgeoning damage."
    },
    {
      "name": "Thunderous Roar (Recharge 5–6)",
      "text": "The leviathan releases a bellowing roar infused with storm energy. Each creature of its choice within 60 ft. must succeed on a DC 16 Wisdom saving throw or be frightened until the end of its next turn."
    }
  ],

  "reactions": [],
  "legendary_actions": [],
  "lair_actions": [],

  "lore_title": "Stormleech Leviathan",
  "lore": "This massive aberrant creature dwells in the deepest ocean trenches where storms rage eternal. Its serpentine body crackles with electrical energy, and it feeds on the life force of its victims while channeling lightning through its devastating attacks. The Stormleech Leviathan emerges during the fiercest storms, using the chaotic energy to enhance its already formidable powers.",

  "attribution": "Art © respective owner. Sheet generator by you."
}
