{
  "name": "Monster Name",
  "size": "Large",
  "type": "monstrosity",
  "alignment": "unaligned",

  "ac": "12 (natural armor)",
  "hp": "104 (11d10 + 44)",
  "speed": "50 ft., climb 40 ft.",

  "abilities": {
    "STR": "20 (+5)",
    "DEX": "14 (+2)",
    "CON": "19 (+4)",
    "INT": "5 (-3)",
    "WIS": "14 (+2)",
    "CHA": "10 (+0)"
  },

  "saving_throws": "Dex +4, Con +7",
  "skills": "Perception +5, Stealth +3",
  "senses": "darkvision 60 ft., passive Perception 15",
  "languages": "—",
  "challenge": "4 (1,100 XP)",

  "traits": [
    {
      "name": "Trait Name",
      "text": "Description of the trait with rules text."
    }
  ],

  "actions": [
    {
      "name": "Multiattack",
      "text": "The creature makes two attacks: one with its bite and one with its claws."
    },
    {
      "name": "Bite",
      "text": "Melee Weapon Attack: +7 to hit, reach 5 ft., one target. Hit: (1d10 + 5) piercing damage."
    }
  ],

  "reactions": [
    {
      "name": "Reaction Name",
      "text": "Description of the reaction (optional field)."
    }
  ],

  "legendary_actions": [
    {
      "name": "Legendary Action Name",
      "text": "Description of the legendary action (optional field)."
    }
  ],

  "lair_actions": [
    {
      "name": "Lair Action Name",
      "text": "Description of the lair action (optional field)."
    }
  ],

  "lore_title": "Monster Lore Title",
  "lore": "A full paragraph describing the monster's appearance, behavior, and story context.",

  "attribution": "Art © respective owner. Sheet generator by you."
}
